Game ID,Date,Time,League Name,Season,Country,Home Team,Away Team,Home Logo,Away Logo,Home Q1 Score,Home Q2 Score,Home Q3 Score,Home Q4 Score,Home Total Score,Away Q1 Score,Away Q2 Score,Away Q3 Score,Away Q4 Score,Away Total Score,Game Status,Timezone,Position,Played Games,Home_Wins,Home_Win Percentage,Home_Losses,Home_Loss Percentage,Home_Points For,Home_Points Against,Form,Description,Position_Away,Played Games_Away,Away_Wins,Away_Win Percentage,Away_Losses,Away_Loss Percentage,Away_Points For,Away_Points Against,Form_Away,Description_Away
400129,2024-09-21T13:00:00+00:00,13:00,Superettan,2024-2025,Sweden,Alvik,Blackeberg,https://media.api-sports.io/basketball/teams/1219.png,https://media.api-sports.io/basketball/teams/6474.png,21.0,25.0,22.0,23.0,91.0,23.0,26.0,19.0,14.0,82.0,Game Finished,UTC,0,20,11,0.55,9,0.45,1681,1610,,,0,19,7,0.368,12,0.632,1407,1490,,
400125,2024-09-21T14:00:00+00:00,14:00,Superettan,2024-2025,Sweden,Akersberga,Wetterbygden Stars,https://media.api-sports.io/basketball/teams/6472.png,https://media.api-sports.io/basketball/teams/1207.png,20.0,29.0,15.0,13.0,77.0,18.0,24.0,16.0,21.0,79.0,Game Finished,UTC,0,20,6,0.3,14,0.7,1571,1674,,,0,21,16,0.762,5,0.238,1764,1699,,
400126,2024-09-21T14:00:00+00:00,14:00,Superettan,2024-2025,Sweden,Aros Basket,Malbas,https://media.api-sports.io/basketball/teams/6473.png,https://media.api-sports.io/basketball/teams/1719.png,18.0,17.0,21.0,10.0,66.0,16.0,14.0,20.0,20.0,70.0,Game Finished,UTC,0,18,9,0.5,9,0.5,1433,1432,,,0,18,10,0.556,8,0.444,1533,1368,,
400131,2024-09-21T14:00:00+00:00,14:00,Superettan,2024-2025,Sweden,Tureberg,Djurgarden,https://media.api-sports.io/basketball/teams/4934.png,https://media.api-sports.io/basketball/teams/1200.png,12.0,17.0,6.0,12.0,47.0,10.0,24.0,20.0,26.0,80.0,Game Finished,UTC,0,18,5,0.278,13,0.722,1259,1499,,,0,18,8,0.444,10,0.556,1441,1431,,
400130,2024-09-22T12:00:00+00:00,12:00,Superettan,2024-2025,Sweden,Ockelbo,Malbas,https://media.api-sports.io/basketball/teams/2313.png,https://media.api-sports.io/basketball/teams/1719.png,26.0,22.0,21.0,10.0,79.0,20.0,13.0,15.0,23.0,71.0,Game Finished,UTC,0,19,10,0.526,9,0.474,1456,1410,,,0,18,10,0.556,8,0.444,1533,1368,,
400304,2024-09-22T12:00:00+00:00,12:00,Superettan,2024-2025,Sweden,Huddinge,Wetterbygden Stars,https://media.api-sports.io/basketball/teams/4932.png,https://media.api-sports.io/basketball/teams/1207.png,14.0,19.0,19.0,20.0,72.0,26.0,12.0,20.0,17.0,75.0,Game Finished,UTC,0,19,8,0.421,11,0.579,1485,1576,,,0,21,16,0.762,5,0.238,1764,1699,,
400128,2024-09-22T14:00:00+00:00,14:00,Superettan,2024-2025,Sweden,AIK Basket,KFUM Fryshuset,https://media.api-sports.io/basketball/teams/1218.png,https://media.api-sports.io/basketball/teams/1224.png,20.0,10.0,14.0,22.0,66.0,26.0,19.0,28.0,24.0,97.0,Game Finished,UTC,0,20,7,0.35,13,0.65,1616,1743,,,0,19,14,0.737,5,0.263,1592,1440,,
400135,2024-09-28T13:00:00+00:00,13:00,Superettan,2024-2025,Sweden,Wetterbygden Stars,Ockelbo,https://media.api-sports.io/basketball/teams/1207.png,https://media.api-sports.io/basketball/teams/2313.png,19.0,26.0,15.0,22.0,82.0,11.0,16.0,24.0,25.0,76.0,Game Finished,UTC,0,21,16,0.762,5,0.238,1764,1699,,,0,19,10,0.526,9,0.474,1456,1410,,
400132,2024-09-28T14:00:00+00:00,14:00,Superettan,2024-2025,Sweden,Akersberga,IK Eos,https://media.api-sports.io/basketball/teams/6472.png,https://media.api-sports.io/basketball/teams/1223.png,26.0,22.0,19.0,20.0,87.0,10.0,23.0,11.0,25.0,69.0,Game Finished,UTC,0,20,6,0.3,14,0.7,1571,1674,,,0,19,6,0.316,13,0.684,1592,1662,,
400133,2024-09-28T14:00:00+00:00,14:00,Superettan,2024-2025,Sweden,Aros Basket,Tureberg,https://media.api-sports.io/basketball/teams/6473.png,https://media.api-sports.io/basketball/teams/4934.png,29.0,29.0,21.0,21.0,100.0,19.0,13.0,16.0,10.0,58.0,Game Finished,UTC,0,18,9,0.5,9,0.5,1433,1432,,,0,18,5,0.278,13,0.722,1259,1499,,
400138,2024-09-29T11:00:00+00:00,11:00,Superettan,2024-2025,Sweden,Huddinge,IK Eos,https://media.api-sports.io/basketball/teams/4932.png,https://media.api-sports.io/basketball/teams/1223.png,25.0,22.0,31.0,18.0,96.0,25.0,21.0,17.0,13.0,76.0,Game Finished,UTC,0,19,8,0.421,11,0.579,1485,1576,,,0,19,6,0.316,13,0.684,1592,1662,,
400136,2024-09-29T12:00:00+00:00,12:00,Superettan,2024-2025,Sweden,Sloga Uppsala,Alvik,https://media.api-sports.io/basketball/teams/4933.png,https://media.api-sports.io/basketball/teams/1219.png,29.0,18.0,16.0,22.0,85.0,20.0,14.0,16.0,24.0,74.0,Game Finished,UTC,0,20,17,0.85,3,0.15,1734,1530,,,0,20,11,0.55,9,0.45,1681,1610,,
400137,2024-09-29T13:30:00+00:00,13:30,Superettan,2024-2025,Sweden,KFUM Fryshuset,Djurgarden,https://media.api-sports.io/basketball/teams/1224.png,https://media.api-sports.io/basketball/teams/1200.png,24.0,19.0,19.0,17.0,79.0,7.0,16.0,21.0,9.0,53.0,Game Finished,UTC,0,19,14,0.737,5,0.263,1592,1440,,,0,18,8,0.444,10,0.556,1441,1431,,
400190,2024-10-05T13:30:00+00:00,13:30,Superettan,2024-2025,Sweden,KFUM Fryshuset,Wetterbygden Stars,https://media.api-sports.io/basketball/teams/1224.png,https://media.api-sports.io/basketball/teams/1207.png,20.0,35.0,15.0,33.0,103.0,20.0,16.0,11.0,21.0,68.0,Game Finished,UTC,0,19,14,0.737,5,0.263,1592,1440,,,0,21,16,0.762,5,0.238,1764,1699,,
400140,2024-10-05T14:00:00+00:00,14:00,Superettan,2024-2025,Sweden,Ockelbo,Huddinge,https://media.api-sports.io/basketball/teams/2313.png,https://media.api-sports.io/basketball/teams/4932.png,27.0,22.0,13.0,21.0,83.0,16.0,11.0,20.0,12.0,59.0,Game Finished,UTC,0,19,10,0.526,9,0.474,1456,1410,,,0,19,8,0.421,11,0.579,1485,1576,,
400144,2024-10-05T14:30:00+00:00,14:30,Superettan,2024-2025,Sweden,IK Eos,Blackeberg,https://media.api-sports.io/basketball/teams/1223.png,https://media.api-sports.io/basketball/teams/6474.png,17.0,23.0,20.0,19.0,79.0,17.0,23.0,26.0,22.0,88.0,Game Finished,UTC,0,19,6,0.316,13,0.684,1592,1662,,,0,19,7,0.368,12,0.632,1407,1490,,
400145,2024-10-06T11:00:00+00:00,11:00,Superettan,2024-2025,Sweden,Malbas,Blackeberg,https://media.api-sports.io/basketball/teams/1719.png,https://media.api-sports.io/basketball/teams/6474.png,32.0,35.0,20.0,21.0,108.0,17.0,24.0,31.0,14.0,86.0,Game Finished,UTC,0,18,10,0.556,8,0.444,1533,1368,,,0,19,7,0.368,12,0.632,1407,1490,,
400142,2024-10-06T13:00:00+00:00,13:00,Superettan,2024-2025,Sweden,Sloga Uppsala,Aros Basket,https://media.api-sports.io/basketball/teams/4933.png,https://media.api-sports.io/basketball/teams/6473.png,26.0,20.0,19.0,29.0,94.0,16.0,31.0,17.0,19.0,83.0,Game Finished,UTC,0,20,17,0.85,3,0.15,1734,1530,,,0,18,9,0.5,9,0.5,1433,1432,,
400146,2024-10-06T14:00:00+00:00,14:00,Superettan,2024-2025,Sweden,Wetterbygden Stars,Alvik,https://media.api-sports.io/basketball/teams/1207.png,https://media.api-sports.io/basketball/teams/1219.png,25.0,17.0,24.0,21.0,87.0,19.0,22.0,23.0,19.0,83.0,Game Finished,UTC,0,21,16,0.762,5,0.238,1764,1699,,,0,20,11,0.55,9,0.45,1681,1610,,
400141,2024-10-07T17:00:00+00:00,17:00,Superettan,2024-2025,Sweden,Tureberg,AIK Basket,https://media.api-sports.io/basketball/teams/4934.png,https://media.api-sports.io/basketball/teams/1218.png,17.0,13.0,19.0,22.0,71.0,22.0,13.0,23.0,22.0,80.0,Game Finished,UTC,0,18,5,0.278,13,0.722,1259,1499,,,0,20,7,0.35,13,0.65,1616,1743,,
400143,2024-10-11T17:00:00+00:00,17:00,Superettan,2024-2025,Sweden,Djurgarden,Wetterbygden Stars,https://media.api-sports.io/basketball/teams/1200.png,https://media.api-sports.io/basketball/teams/1207.png,18.0,20.0,19.0,28.0,85.0,24.0,22.0,24.0,22.0,92.0,Game Finished,UTC,0,18,8,0.444,10,0.556,1441,1431,,,0,21,16,0.762,5,0.238,1764,1699,,
400150,2024-10-12T14:00:00+00:00,14:00,Superettan,2024-2025,Sweden,Aros Basket,KFUM Fryshuset,https://media.api-sports.io/basketball/teams/6473.png,https://media.api-sports.io/basketball/teams/1224.png,16.0,23.0,13.0,11.0,63.0,22.0,18.0,15.0,19.0,74.0,Game Finished,UTC,0,18,9,0.5,9,0.5,1433,1432,,,0,19,14,0.737,5,0.263,1592,1440,,
400152,2024-10-12T14:00:00+00:00,14:00,Superettan,2024-2025,Sweden,Ockelbo,Blackeberg,https://media.api-sports.io/basketball/teams/2313.png,https://media.api-sports.io/basketball/teams/6474.png,27.0,25.0,15.0,17.0,84.0,17.0,22.0,18.0,13.0,70.0,Game Finished,UTC,0,19,10,0.526,9,0.474,1456,1410,,,0,19,7,0.368,12,0.632,1407,1490,,
400147,2024-10-12T15:00:00+00:00,15:00,Superettan,2024-2025,Sweden,Tureberg,Huddinge,https://media.api-sports.io/basketball/teams/4934.png,https://media.api-sports.io/basketball/teams/4932.png,17.0,14.0,9.0,19.0,59.0,27.0,23.0,9.0,20.0,79.0,Game Finished,UTC,0,18,5,0.278,13,0.722,1259,1499,,,0,19,8,0.421,11,0.579,1485,1576,,
400151,2024-10-12T15:00:00+00:00,15:00,Superettan,2024-2025,Sweden,IK Eos,Akersberga,https://media.api-sports.io/basketball/teams/1223.png,https://media.api-sports.io/basketball/teams/6472.png,21.0,23.0,17.0,21.0,82.0,25.0,12.0,16.0,21.0,74.0,Game Finished,UTC,0,19,6,0.316,13,0.684,1592,1662,,,0,20,6,0.3,14,0.7,1571,1674,,
400148,2024-10-13T14:00:00+00:00,14:00,Superettan,2024-2025,Sweden,Malbas,Akersberga,https://media.api-sports.io/basketball/teams/1719.png,https://media.api-sports.io/basketball/teams/6472.png,27.0,29.0,30.0,22.0,108.0,12.0,24.0,9.0,20.0,65.0,Game Finished,UTC,0,18,10,0.556,8,0.444,1533,1368,,,0,20,6,0.3,14,0.7,1571,1674,,
400127,2024-10-19T12:00:00+00:00,12:00,Superettan,2024-2025,Sweden,Sloga Uppsala,Huddinge,https://media.api-sports.io/basketball/teams/4933.png,https://media.api-sports.io/basketball/teams/4932.png,23.0,23.0,26.0,28.0,100.0,17.0,21.0,14.0,20.0,72.0,Game Finished,UTC,0,20,17,0.85,3,0.15,1734,1530,,,0,19,8,0.421,11,0.579,1485,1576,,
400154,2024-10-19T15:15:00+00:00,15:15,Superettan,2024-2025,Sweden,Blackeberg,Malbas,https://media.api-sports.io/basketball/teams/6474.png,https://media.api-sports.io/basketball/teams/1719.png,13.0,17.0,19.0,14.0,63.0,15.0,14.0,18.0,10.0,57.0,Game Finished,UTC,0,19,7,0.368,12,0.632,1407,1490,,,0,18,10,0.556,8,0.444,1533,1368,,
400153,2024-10-19T16:00:00+00:00,16:00,Superettan,2024-2025,Sweden,Alvik,Ockelbo,https://media.api-sports.io/basketball/teams/1219.png,https://media.api-sports.io/basketball/teams/2313.png,17.0,18.0,24.0,21.0,80.0,20.0,14.0,19.0,23.0,76.0,Game Finished,UTC,0,20,11,0.55,9,0.45,1681,1610,,,0,19,10,0.526,9,0.474,1456,1410,,
400158,2024-10-20T13:00:00+00:00,13:00,Superettan,2024-2025,Sweden,Djurgarden,Malbas,https://media.api-sports.io/basketball/teams/1200.png,https://media.api-sports.io/basketball/teams/1719.png,12.0,23.0,21.0,13.0,69.0,20.0,18.0,15.0,12.0,65.0,Game Finished,UTC,0,18,8,0.444,10,0.556,1441,1431,,,0,18,10,0.556,8,0.444,1533,1368,,
400156,2024-10-20T14:00:00+00:00,14:00,Superettan,2024-2025,Sweden,Akersberga,Tureberg,https://media.api-sports.io/basketball/teams/6472.png,https://media.api-sports.io/basketball/teams/4934.png,25.0,19.0,25.0,24.0,93.0,22.0,13.0,20.0,32.0,87.0,Game Finished,UTC,0,20,6,0.3,14,0.7,1571,1674,,,0,18,5,0.278,13,0.722,1259,1499,,
400157,2024-10-20T14:00:00+00:00,14:00,Superettan,2024-2025,Sweden,Aros Basket,AIK Basket,https://media.api-sports.io/basketball/teams/6473.png,https://media.api-sports.io/basketball/teams/1218.png,15.0,16.0,27.0,25.0,83.0,23.0,22.0,22.0,25.0,92.0,Game Finished,UTC,0,18,9,0.5,9,0.5,1433,1432,,,0,20,7,0.35,13,0.65,1616,1743,,
400159,2024-10-23T17:00:00+00:00,17:00,Superettan,2024-2025,Sweden,Huddinge,Alvik,https://media.api-sports.io/basketball/teams/4932.png,https://media.api-sports.io/basketball/teams/1219.png,20.0,17.0,19.0,13.0,69.0,22.0,28.0,17.0,31.0,98.0,Game Finished,UTC,0,19,8,0.421,11,0.579,1485,1576,,,0,20,11,0.55,9,0.45,1681,1610,,
400161,2024-10-26T12:45:00+00:00,12:45,Superettan,2024-2025,Sweden,Blackeberg,Aros Basket,https://media.api-sports.io/basketball/teams/6474.png,https://media.api-sports.io/basketball/teams/6473.png,13.0,19.0,20.0,12.0,64.0,18.0,16.0,14.0,25.0,73.0,Game Finished,UTC,0,19,7,0.368,12,0.632,1407,1490,,,0,18,9,0.5,9,0.5,1433,1432,,
400160,2024-10-26T13:00:00+00:00,13:00,Superettan,2024-2025,Sweden,AIK Basket,Ockelbo,https://media.api-sports.io/basketball/teams/1218.png,https://media.api-sports.io/basketball/teams/2313.png,21.0,12.0,16.0,25.0,74.0,7.0,23.0,22.0,11.0,63.0,Game Finished,UTC,0,20,7,0.35,13,0.65,1616,1743,,,0,19,10,0.526,9,0.474,1456,1410,,
400166,2024-10-26T13:00:00+00:00,13:00,Superettan,2024-2025,Sweden,Wetterbygden Stars,Huddinge,https://media.api-sports.io/basketball/teams/1207.png,https://media.api-sports.io/basketball/teams/4932.png,25.0,22.0,16.0,19.0,82.0,9.0,23.0,17.0,26.0,75.0,Game Finished,UTC,0,21,16,0.762,5,0.238,1764,1699,,,0,19,8,0.421,11,0.579,1485,1576,,
400164,2024-10-26T14:30:00+00:00,14:30,Superettan,2024-2025,Sweden,IK Eos,Tureberg,https://media.api-sports.io/basketball/teams/1223.png,https://media.api-sports.io/basketball/teams/4934.png,21.0,21.0,24.0,23.0,89.0,19.0,18.0,14.0,18.0,69.0,Game Finished,UTC,0,19,6,0.316,13,0.684,1592,1662,,,0,18,5,0.278,13,0.722,1259,1499,,
400162,2024-10-27T13:30:00+00:00,13:30,Superettan,2024-2025,Sweden,KFUM Fryshuset,Sloga Uppsala,https://media.api-sports.io/basketball/teams/1224.png,https://media.api-sports.io/basketball/teams/4933.png,20.0,23.0,22.0,25.0,90.0,9.0,21.0,22.0,17.0,69.0,Game Finished,UTC,0,19,14,0.737,5,0.263,1592,1440,,,0,20,17,0.85,3,0.15,1734,1530,,
400165,2024-10-27T14:00:00+00:00,14:00,Superettan,2024-2025,Sweden,Malbas,Tureberg,https://media.api-sports.io/basketball/teams/1719.png,https://media.api-sports.io/basketball/teams/4934.png,22.0,28.0,27.0,24.0,101.0,17.0,19.0,18.0,15.0,69.0,Game Finished,UTC,0,18,10,0.556,8,0.444,1533,1368,,,0,18,5,0.278,13,0.722,1259,1499,,
400163,2024-10-27T15:00:00+00:00,15:00,Superettan,2024-2025,Sweden,Alvik,Djurgarden,https://media.api-sports.io/basketball/teams/1219.png,https://media.api-sports.io/basketball/teams/1200.png,28.0,26.0,17.0,23.0,94.0,24.0,21.0,18.0,17.0,80.0,Game Finished,UTC,0,20,11,0.55,9,0.45,1681,1610,,,0,18,8,0.444,10,0.556,1441,1431,,
400168,2024-10-30T18:00:00+00:00,18:00,Superettan,2024-2025,Sweden,Malbas,IK Eos,https://media.api-sports.io/basketball/teams/1719.png,https://media.api-sports.io/basketball/teams/1223.png,28.0,23.0,21.0,19.0,91.0,19.0,28.0,18.0,20.0,85.0,Game Finished,UTC,0,18,10,0.556,8,0.444,1533,1368,,,0,19,6,0.316,13,0.684,1592,1662,,
400170,2024-11-02T12:00:00+00:00,12:00,Superettan,2024-2025,Sweden,AIK Basket,Blackeberg,https://media.api-sports.io/basketball/teams/1218.png,https://media.api-sports.io/basketball/teams/6474.png,16.0,16.0,14.0,19.0,65.0,23.0,16.0,19.0,24.0,82.0,Game Finished,UTC,0,20,7,0.35,13,0.65,1616,1743,,,0,19,7,0.368,12,0.632,1407,1490,,
400167,2024-11-02T15:00:00+00:00,15:00,Superettan,2024-2025,Sweden,Akersberga,KFUM Fryshuset,https://media.api-sports.io/basketball/teams/6472.png,https://media.api-sports.io/basketball/teams/1224.png,22.0,16.0,20.0,19.0,77.0,23.0,19.0,17.0,25.0,84.0,Game Finished,UTC,0,20,6,0.3,14,0.7,1571,1674,,,0,19,14,0.737,5,0.263,1592,1440,,
400172,2024-11-02T15:00:00+00:00,15:00,Superettan,2024-2025,Sweden,Aros Basket,Wetterbygden Stars,https://media.api-sports.io/basketball/teams/6473.png,https://media.api-sports.io/basketball/teams/1207.png,17.0,17.0,15.0,20.0,69.0,8.0,20.0,20.0,25.0,73.0,Game Finished,UTC,0,18,9,0.5,9,0.5,1433,1432,,,0,21,16,0.762,5,0.238,1764,1699,,
400169,2024-11-02T15:30:00+00:00,15:30,Superettan,2024-2025,Sweden,IK Eos,Sloga Uppsala,https://media.api-sports.io/basketball/teams/1223.png,https://media.api-sports.io/basketball/teams/4933.png,22.0,30.0,21.0,24.0,97.0,20.0,24.0,30.0,28.0,102.0,Game Finished,UTC,0,19,6,0.316,13,0.684,1592,1662,,,0,20,17,0.85,3,0.15,1734,1530,,
400174,2024-11-02T17:00:00+00:00,17:00,Superettan,2024-2025,Sweden,Ockelbo,Alvik,https://media.api-sports.io/basketball/teams/2313.png,https://media.api-sports.io/basketball/teams/1219.png,11.0,28.0,25.0,14.0,78.0,19.0,18.0,13.0,12.0,62.0,Game Finished,UTC,0,19,10,0.526,9,0.474,1456,1410,,,0,20,11,0.55,9,0.45,1681,1610,,
400173,2024-11-03T13:00:00+00:00,13:00,Superettan,2024-2025,Sweden,Malbas,Sloga Uppsala,https://media.api-sports.io/basketball/teams/1719.png,https://media.api-sports.io/basketball/teams/4933.png,24.0,19.0,15.0,9.0,67.0,17.0,15.0,29.0,14.0,75.0,Game Finished,UTC,0,18,10,0.556,8,0.444,1533,1368,,,0,20,17,0.85,3,0.15,1734,1530,,
400179,2024-11-09T14:00:00+00:00,14:00,Superettan,2024-2025,Sweden,Wetterbygden Stars,AIK Basket,https://media.api-sports.io/basketball/teams/1207.png,https://media.api-sports.io/basketball/teams/1218.png,37.0,25.0,26.0,18.0,106.0,22.0,18.0,24.0,21.0,85.0,Game Finished,UTC,0,21,16,0.762,5,0.238,1764,1699,,,0,20,7,0.35,13,0.65,1616,1743,,
400180,2024-11-09T14:00:00+00:00,14:00,Superettan,2024-2025,Sweden,KFUM Fryshuset,IK Eos,https://media.api-sports.io/basketball/teams/1224.png,https://media.api-sports.io/basketball/teams/1223.png,29.0,24.0,17.0,26.0,96.0,23.0,22.0,18.0,26.0,89.0,Game Finished,UTC,0,19,14,0.737,5,0.263,1592,1440,,,0,19,6,0.316,13,0.684,1592,1662,,
400177,2024-11-09T15:00:00+00:00,15:00,Superettan,2024-2025,Sweden,Sloga Uppsala,Ockelbo,https://media.api-sports.io/basketball/teams/4933.png,https://media.api-sports.io/basketball/teams/2313.png,11.0,35.0,20.0,24.0,90.0,31.0,24.0,12.0,20.0,87.0,Game Finished,UTC,0,20,17,0.85,3,0.15,1734,1530,,,0,19,10,0.526,9,0.474,1456,1410,,
400181,2024-11-09T15:00:00+00:00,15:00,Superettan,2024-2025,Sweden,Aros Basket,Alvik,https://media.api-sports.io/basketball/teams/6473.png,https://media.api-sports.io/basketball/teams/1219.png,21.0,23.0,7.0,20.0,71.0,8.0,19.0,22.0,21.0,70.0,Game Finished,UTC,0,18,9,0.5,9,0.5,1433,1432,,,0,20,11,0.55,9,0.45,1681,1610,,
400176,2024-11-09T16:00:00+00:00,16:00,Superettan,2024-2025,Sweden,Huddinge,Akersberga,https://media.api-sports.io/basketball/teams/4932.png,https://media.api-sports.io/basketball/teams/6472.png,27.0,24.0,10.0,23.0,84.0,17.0,17.0,26.0,20.0,80.0,Game Finished,UTC,0,19,8,0.421,11,0.579,1485,1576,,,0,20,6,0.3,14,0.7,1571,1674,,
400178,2024-11-09T16:00:00+00:00,16:00,Superettan,2024-2025,Sweden,Tureberg,Blackeberg,https://media.api-sports.io/basketball/teams/4934.png,https://media.api-sports.io/basketball/teams/6474.png,19.0,24.0,23.0,19.0,85.0,23.0,22.0,13.0,19.0,77.0,Game Finished,UTC,0,18,5,0.278,13,0.722,1259,1499,,,0,19,7,0.368,12,0.632,1407,1490,,
400185,2024-11-16T14:00:00+00:00,14:00,Superettan,2024-2025,Sweden,KFUM Fryshuset,Tureberg,https://media.api-sports.io/basketball/teams/1224.png,https://media.api-sports.io/basketball/teams/4934.png,23.0,29.0,18.0,17.0,87.0,22.0,23.0,15.0,9.0,69.0,Game Finished,UTC,0,19,14,0.737,5,0.263,1592,1440,,,0,18,5,0.278,13,0.722,1259,1499,,
400182,2024-11-16T15:00:00+00:00,15:00,Superettan,2024-2025,Sweden,Sloga Uppsala,Blackeberg,https://media.api-sports.io/basketball/teams/4933.png,https://media.api-sports.io/basketball/teams/6474.png,22.0,27.0,22.0,16.0,87.0,21.0,14.0,13.0,14.0,62.0,Game Finished,UTC,0,20,17,0.85,3,0.15,1734,1530,,,0,19,7,0.368,12,0.632,1407,1490,,
400184,2024-11-16T15:00:00+00:00,15:00,Superettan,2024-2025,Sweden,AIK Basket,Aros Basket,https://media.api-sports.io/basketball/teams/1218.png,https://media.api-sports.io/basketball/teams/6473.png,18.0,22.0,19.0,29.0,88.0,23.0,16.0,17.0,20.0,76.0,Game Finished,UTC,0,20,7,0.35,13,0.65,1616,1743,,,0,18,9,0.5,9,0.5,1433,1432,,
400183,2024-11-16T16:00:00+00:00,16:00,Superettan,2024-2025,Sweden,Wetterbygden Stars,IK Eos,https://media.api-sports.io/basketball/teams/1207.png,https://media.api-sports.io/basketball/teams/1223.png,23.0,21.0,34.0,11.0,89.0,22.0,17.0,21.0,23.0,83.0,Game Finished,UTC,0,21,16,0.762,5,0.238,1764,1699,,,0,19,6,0.316,13,0.684,1592,1662,,
400303,2024-11-16T17:00:00+00:00,17:00,Superettan,2024-2025,Sweden,Akersberga,Alvik,https://media.api-sports.io/basketball/teams/6472.png,https://media.api-sports.io/basketball/teams/1219.png,15.0,14.0,18.0,21.0,68.0,29.0,27.0,24.0,33.0,113.0,Game Finished,UTC,0,20,6,0.3,14,0.7,1571,1674,,,0,20,11,0.55,9,0.45,1681,1610,,
400187,2024-11-20T18:00:00+00:00,18:00,Superettan,2024-2025,Sweden,Djurgarden,Huddinge,https://media.api-sports.io/basketball/teams/1200.png,https://media.api-sports.io/basketball/teams/4932.png,24.0,17.0,28.0,10.0,79.0,11.0,17.0,22.0,20.0,70.0,Game Finished,UTC,0,18,8,0.444,10,0.556,1441,1431,,,0,19,8,0.421,11,0.579,1485,1576,,
400244,2024-11-20T19:00:00+00:00,19:00,Superettan,2024-2025,Sweden,Sloga Uppsala,Tureberg,https://media.api-sports.io/basketball/teams/4933.png,https://media.api-sports.io/basketball/teams/4934.png,17.0,21.0,18.0,18.0,74.0,13.0,10.0,18.0,16.0,57.0,Game Finished,UTC,0,20,17,0.85,3,0.15,1734,1530,,,0,18,5,0.278,13,0.722,1259,1499,,
400134,2024-11-23T16:00:00+00:00,16:00,Superettan,2024-2025,Sweden,Blackeberg,AIK Basket,https://media.api-sports.io/basketball/teams/6474.png,https://media.api-sports.io/basketball/teams/1218.png,19.0,21.0,21.0,18.0,79.0,18.0,11.0,20.0,12.0,61.0,Game Finished,UTC,0,19,7,0.368,12,0.632,1407,1490,,,0,20,7,0.35,13,0.65,1616,1743,,
400211,2024-11-27T18:00:00+00:00,18:00,Superettan,2024-2025,Sweden,Djurgarden,Ockelbo,https://media.api-sports.io/basketball/teams/1200.png,https://media.api-sports.io/basketball/teams/2313.png,20.0,18.0,20.0,18.0,91.0,19.0,17.0,24.0,16.0,88.0,After Over Time,UTC,0,18,8,0.444,10,0.556,1441,1431,,,0,19,10,0.526,9,0.474,1456,1410,,
400297,2024-11-30T12:00:00+00:00,12:00,Superettan,2024-2025,Sweden,AIK Basket,Wetterbygden Stars,https://media.api-sports.io/basketball/teams/1218.png,https://media.api-sports.io/basketball/teams/1207.png,27.0,11.0,14.0,18.0,70.0,21.0,25.0,22.0,18.0,86.0,Game Finished,UTC,0,20,7,0.35,13,0.65,1616,1743,,,0,21,16,0.762,5,0.238,1764,1699,,
400188,2024-11-30T14:00:00+00:00,14:00,Superettan,2024-2025,Sweden,Blackeberg,Djurgarden,https://media.api-sports.io/basketball/teams/6474.png,https://media.api-sports.io/basketball/teams/1200.png,26.0,18.0,16.0,9.0,69.0,23.0,27.0,22.0,21.0,93.0,Game Finished,UTC,0,19,7,0.368,12,0.632,1407,1490,,,0,18,8,0.444,10,0.556,1441,1431,,
400191,2024-11-30T14:00:00+00:00,14:00,Superettan,2024-2025,Sweden,Tureberg,Ockelbo,https://media.api-sports.io/basketball/teams/4934.png,https://media.api-sports.io/basketball/teams/2313.png,8.0,20.0,15.0,17.0,60.0,22.0,14.0,22.0,18.0,76.0,Game Finished,UTC,0,18,5,0.278,13,0.722,1259,1499,,,0,19,10,0.526,9,0.474,1456,1410,,
400189,2024-11-30T16:30:00+00:00,16:30,Superettan,2024-2025,Sweden,IK Eos,Alvik,https://media.api-sports.io/basketball/teams/1223.png,https://media.api-sports.io/basketball/teams/1219.png,13.0,21.0,19.0,20.0,73.0,17.0,18.0,21.0,19.0,75.0,Game Finished,UTC,0,19,6,0.316,13,0.684,1592,1662,,,0,20,11,0.55,9,0.45,1681,1610,,
400193,2024-12-01T13:00:00+00:00,13:00,Superettan,2024-2025,Sweden,Malbas,Alvik,https://media.api-sports.io/basketball/teams/1719.png,https://media.api-sports.io/basketball/teams/1219.png,21.0,28.0,22.0,24.0,95.0,20.0,14.0,21.0,16.0,71.0,Game Finished,UTC,0,18,10,0.556,8,0.444,1533,1368,,,0,20,11,0.55,9,0.45,1681,1610,,
400192,2024-12-01T14:30:00+00:00,14:30,Superettan,2024-2025,Sweden,Huddinge,AIK Basket,https://media.api-sports.io/basketball/teams/4932.png,https://media.api-sports.io/basketball/teams/1218.png,22.0,22.0,23.0,22.0,89.0,27.0,18.0,21.0,21.0,87.0,Game Finished,UTC,0,19,8,0.421,11,0.579,1485,1576,,,0,20,7,0.35,13,0.65,1616,1743,,
400194,2024-12-01T15:00:00+00:00,15:00,Superettan,2024-2025,Sweden,Akersberga,Sloga Uppsala,https://media.api-sports.io/basketball/teams/6472.png,https://media.api-sports.io/basketball/teams/4933.png,22.0,9.0,21.0,25.0,77.0,19.0,22.0,21.0,23.0,85.0,Game Finished,UTC,0,20,6,0.3,14,0.7,1571,1674,,,0,20,17,0.85,3,0.15,1734,1530,,
400195,2024-12-04T18:00:00+00:00,18:00,Superettan,2024-2025,Sweden,Djurgarden,Sloga Uppsala,https://media.api-sports.io/basketball/teams/1200.png,https://media.api-sports.io/basketball/teams/4933.png,15.0,27.0,19.0,24.0,85.0,27.0,27.0,17.0,24.0,95.0,Game Finished,UTC,0,18,8,0.444,10,0.556,1441,1431,,,0,20,17,0.85,3,0.15,1734,1530,,
400196,2024-12-04T18:00:00+00:00,18:00,Superettan,2024-2025,Sweden,Tureberg,Akersberga,https://media.api-sports.io/basketball/teams/4934.png,https://media.api-sports.io/basketball/teams/6472.png,17.0,28.0,16.0,18.0,79.0,17.0,15.0,17.0,21.0,70.0,Game Finished,UTC,0,18,5,0.278,13,0.722,1259,1499,,,0,20,6,0.3,14,0.7,1571,1674,,
400139,2024-12-05T18:00:00+00:00,18:00,Superettan,2024-2025,Sweden,Alvik,KFUM Fryshuset,https://media.api-sports.io/basketball/teams/1219.png,https://media.api-sports.io/basketball/teams/1224.png,17.0,15.0,19.0,23.0,74.0,23.0,19.0,21.0,18.0,81.0,Game Finished,UTC,0,20,11,0.55,9,0.45,1681,1610,,,0,19,14,0.737,5,0.263,1592,1440,,
400197,2024-12-07T14:00:00+00:00,14:00,Superettan,2024-2025,Sweden,Huddinge,Blackeberg,https://media.api-sports.io/basketball/teams/4932.png,https://media.api-sports.io/basketball/teams/6474.png,15.0,19.0,24.0,17.0,75.0,20.0,21.0,25.0,21.0,87.0,Game Finished,UTC,0,19,8,0.421,11,0.579,1485,1576,,,0,19,7,0.368,12,0.632,1407,1490,,
400198,2024-12-07T16:00:00+00:00,16:00,Superettan,2024-2025,Sweden,Sloga Uppsala,IK Eos,https://media.api-sports.io/basketball/teams/4933.png,https://media.api-sports.io/basketball/teams/1223.png,25.0,15.0,34.0,22.0,96.0,13.0,20.0,7.0,23.0,63.0,Game Finished,UTC,0,20,17,0.85,3,0.15,1734,1530,,,0,19,6,0.316,13,0.684,1592,1662,,
400202,2024-12-08T14:00:00+00:00,14:00,Superettan,2024-2025,Sweden,Ockelbo,KFUM Fryshuset,https://media.api-sports.io/basketball/teams/2313.png,https://media.api-sports.io/basketball/teams/1224.png,12.0,24.0,15.0,9.0,60.0,18.0,18.0,20.0,11.0,67.0,Game Finished,UTC,0,19,10,0.526,9,0.474,1456,1410,,,0,19,14,0.737,5,0.263,1592,1440,,
400199,2024-12-08T15:00:00+00:00,15:00,Superettan,2024-2025,Sweden,AIK Basket,Akersberga,https://media.api-sports.io/basketball/teams/1218.png,https://media.api-sports.io/basketball/teams/6472.png,21.0,19.0,18.0,25.0,83.0,25.0,19.0,32.0,23.0,99.0,Game Finished,UTC,0,20,7,0.35,13,0.65,1616,1743,,,0,20,6,0.3,14,0.7,1571,1674,,
400200,2024-12-08T15:00:00+00:00,15:00,Superettan,2024-2025,Sweden,Aros Basket,IK Eos,https://media.api-sports.io/basketball/teams/6473.png,https://media.api-sports.io/basketball/teams/1223.png,20.0,24.0,15.0,21.0,80.0,25.0,15.0,25.0,11.0,76.0,Game Finished,UTC,0,18,9,0.5,9,0.5,1433,1432,,,0,19,6,0.316,13,0.684,1592,1662,,
400208,2024-12-11T18:00:00+00:00,18:00,Superettan,2024-2025,Sweden,KFUM Fryshuset,Huddinge,https://media.api-sports.io/basketball/teams/1224.png,https://media.api-sports.io/basketball/teams/4932.png,33.0,27.0,15.0,22.0,97.0,24.0,15.0,13.0,20.0,72.0,Game Finished,UTC,0,19,14,0.737,5,0.263,1592,1440,,,0,19,8,0.421,11,0.579,1485,1576,,
400207,2024-12-11T18:30:00+00:00,18:30,Superettan,2024-2025,Sweden,Djurgarden,Aros Basket,https://media.api-sports.io/basketball/teams/1200.png,https://media.api-sports.io/basketball/teams/6473.png,20.0,20.0,22.0,20.0,82.0,28.0,15.0,22.0,23.0,88.0,Game Finished,UTC,0,18,8,0.444,10,0.556,1441,1431,,,0,18,9,0.5,9,0.5,1433,1432,,
400204,2024-12-14T15:00:00+00:00,15:00,Superettan,2024-2025,Sweden,Akersberga,Malbas,https://media.api-sports.io/basketball/teams/6472.png,https://media.api-sports.io/basketball/teams/1719.png,18.0,20.0,21.0,25.0,84.0,18.0,27.0,16.0,10.0,71.0,Game Finished,UTC,0,20,6,0.3,14,0.7,1571,1674,,,0,18,10,0.556,8,0.444,1533,1368,,
400205,2024-12-14T16:00:00+00:00,16:00,Superettan,2024-2025,Sweden,Tureberg,Alvik,https://media.api-sports.io/basketball/teams/4934.png,https://media.api-sports.io/basketball/teams/1219.png,17.0,13.0,15.0,22.0,67.0,27.0,21.0,23.0,18.0,89.0,Game Finished,UTC,0,18,5,0.278,13,0.722,1259,1499,,,0,20,11,0.55,9,0.45,1681,1610,,
400206,2024-12-14T16:00:00+00:00,16:00,Superettan,2024-2025,Sweden,Wetterbygden Stars,Blackeberg,https://media.api-sports.io/basketball/teams/1207.png,https://media.api-sports.io/basketball/teams/6474.png,22.0,23.0,18.0,20.0,83.0,18.0,18.0,23.0,17.0,76.0,Game Finished,UTC,0,21,16,0.762,5,0.238,1764,1699,,,0,19,7,0.368,12,0.632,1407,1490,,
400175,2024-12-15T13:00:00+00:00,13:00,Superettan,2024-2025,Sweden,Djurgarden,IK Eos,https://media.api-sports.io/basketball/teams/1200.png,https://media.api-sports.io/basketball/teams/1223.png,16.0,21.0,16.0,26.0,79.0,26.0,28.0,19.0,17.0,90.0,Game Finished,UTC,0,18,8,0.444,10,0.556,1441,1431,,,0,19,6,0.316,13,0.684,1592,1662,,
400209,2024-12-15T14:30:00+00:00,14:30,Superettan,2024-2025,Sweden,Sloga Uppsala,Malbas,https://media.api-sports.io/basketball/teams/4933.png,https://media.api-sports.io/basketball/teams/1719.png,15.0,26.0,10.0,26.0,77.0,21.0,16.0,9.0,19.0,65.0,Game Finished,UTC,0,20,17,0.85,3,0.15,1734,1530,,,0,18,10,0.556,8,0.444,1533,1368,,
400216,2024-12-21T14:00:00+00:00,14:00,Superettan,2024-2025,Sweden,Alvik,AIK Basket,https://media.api-sports.io/basketball/teams/1219.png,https://media.api-sports.io/basketball/teams/1218.png,23.0,23.0,21.0,33.0,100.0,16.0,34.0,13.0,29.0,92.0,Game Finished,UTC,0,20,11,0.55,9,0.45,1681,1610,,,0,20,7,0.35,13,0.65,1616,1743,,
400186,2024-12-21T15:00:00+00:00,15:00,Superettan,2024-2025,Sweden,Ockelbo,Djurgarden,https://media.api-sports.io/basketball/teams/2313.png,https://media.api-sports.io/basketball/teams/1200.png,24.0,15.0,18.0,26.0,83.0,26.0,18.0,12.0,15.0,71.0,Game Finished,UTC,0,19,10,0.526,9,0.474,1456,1410,,,0,18,8,0.444,10,0.556,1441,1431,,
400212,2024-12-21T15:30:00+00:00,15:30,Superettan,2024-2025,Sweden,IK Eos,KFUM Fryshuset,https://media.api-sports.io/basketball/teams/1223.png,https://media.api-sports.io/basketball/teams/1224.png,17.0,19.0,22.0,24.0,82.0,20.0,24.0,27.0,14.0,85.0,Game Finished,UTC,0,19,6,0.316,13,0.684,1592,1662,,,0,19,14,0.737,5,0.263,1592,1440,,
400213,2024-12-21T16:00:00+00:00,16:00,Superettan,2024-2025,Sweden,Wetterbygden Stars,Aros Basket,https://media.api-sports.io/basketball/teams/1207.png,https://media.api-sports.io/basketball/teams/6473.png,27.0,24.0,11.0,23.0,85.0,14.0,14.0,31.0,18.0,77.0,Game Finished,UTC,0,21,16,0.762,5,0.238,1764,1699,,,0,18,9,0.5,9,0.5,1433,1432,,
400210,2024-12-21T16:15:00+00:00,16:15,Superettan,2024-2025,Sweden,Blackeberg,Akersberga,https://media.api-sports.io/basketball/teams/6474.png,https://media.api-sports.io/basketball/teams/6472.png,15.0,24.0,6.0,18.0,63.0,20.0,9.0,17.0,19.0,65.0,Game Finished,UTC,0,19,7,0.368,12,0.632,1407,1490,,,0,20,6,0.3,14,0.7,1571,1674,,
400215,2024-12-22T13:00:00+00:00,13:00,Superettan,2024-2025,Sweden,Huddinge,Sloga Uppsala,https://media.api-sports.io/basketball/teams/4932.png,https://media.api-sports.io/basketball/teams/4933.png,27.0,25.0,21.0,15.0,88.0,26.0,20.0,30.0,22.0,98.0,Game Finished,UTC,0,19,8,0.421,11,0.579,1485,1576,,,0,20,17,0.85,3,0.15,1734,1530,,
400214,2024-12-22T14:00:00+00:00,14:00,Superettan,2024-2025,Sweden,Malbas,KFUM Fryshuset,https://media.api-sports.io/basketball/teams/1719.png,https://media.api-sports.io/basketball/teams/1224.png,13.0,22.0,16.0,21.0,72.0,11.0,26.0,20.0,16.0,73.0,Game Finished,UTC,0,18,10,0.556,8,0.444,1533,1368,,,0,19,14,0.737,5,0.263,1592,1440,,
400219,2025-01-11T15:00:00+00:00,15:00,Superettan,2024-2025,Sweden,Ockelbo,Tureberg,https://media.api-sports.io/basketball/teams/2313.png,https://media.api-sports.io/basketball/teams/4934.png,24.0,19.0,19.0,16.0,78.0,15.0,14.0,9.0,25.0,63.0,Game Finished,UTC,0,19,10,0.526,9,0.474,1456,1410,,,0,18,5,0.278,13,0.722,1259,1499,,
400220,2025-01-11T15:00:00+00:00,15:00,Superettan,2024-2025,Sweden,Aros Basket,Akersberga,https://media.api-sports.io/basketball/teams/6473.png,https://media.api-sports.io/basketball/teams/6472.png,29.0,29.0,4.0,24.0,86.0,20.0,14.0,27.0,18.0,79.0,Game Finished,UTC,0,18,9,0.5,9,0.5,1433,1432,,,0,20,6,0.3,14,0.7,1571,1674,,
400217,2025-01-11T16:00:00+00:00,16:00,Superettan,2024-2025,Sweden,AIK Basket,Huddinge,https://media.api-sports.io/basketball/teams/1218.png,https://media.api-sports.io/basketball/teams/4932.png,25.0,19.0,17.0,15.0,76.0,26.0,20.0,15.0,16.0,77.0,Game Finished,UTC,0,20,7,0.35,13,0.65,1616,1743,,,0,19,8,0.421,11,0.579,1485,1576,,
400218,2025-01-11T16:00:00+00:00,16:00,Superettan,2024-2025,Sweden,KFUM Fryshuset,Malbas,https://media.api-sports.io/basketball/teams/1224.png,https://media.api-sports.io/basketball/teams/1719.png,17.0,16.0,22.0,19.0,74.0,24.0,21.0,17.0,33.0,95.0,Game Finished,UTC,0,19,14,0.737,5,0.263,1592,1440,,,0,18,10,0.556,8,0.444,1533,1368,,
400222,2025-01-12T14:00:00+00:00,14:00,Superettan,2024-2025,Sweden,Wetterbygden Stars,Malbas,https://media.api-sports.io/basketball/teams/1207.png,https://media.api-sports.io/basketball/teams/1719.png,25.0,18.0,26.0,22.0,107.0,30.0,25.0,16.0,20.0,98.0,After Over Time,UTC,0,21,16,0.762,5,0.238,1764,1699,,,0,18,10,0.556,8,0.444,1533,1368,,
400221,2025-01-12T15:00:00+00:00,15:00,Superettan,2024-2025,Sweden,Djurgarden,Alvik,https://media.api-sports.io/basketball/teams/1200.png,https://media.api-sports.io/basketball/teams/1219.png,21.0,14.0,21.0,18.0,74.0,25.0,23.0,20.0,11.0,79.0,Game Finished,UTC,0,18,8,0.444,10,0.556,1441,1431,,,0,20,11,0.55,9,0.45,1681,1610,,
400282,2025-01-15T18:00:00+00:00,18:00,Superettan,2024-2025,Sweden,Djurgarden,Akersberga,https://media.api-sports.io/basketball/teams/1200.png,https://media.api-sports.io/basketball/teams/6472.png,15.0,17.0,33.0,28.0,93.0,16.0,22.0,18.0,19.0,75.0,Game Finished,UTC,0,18,8,0.444,10,0.556,1441,1431,,,0,20,6,0.3,14,0.7,1571,1674,,
400223,2025-01-15T18:30:00+00:00,18:30,Superettan,2024-2025,Sweden,Blackeberg,Sloga Uppsala,https://media.api-sports.io/basketball/teams/6474.png,https://media.api-sports.io/basketball/teams/4933.png,20.0,12.0,17.0,17.0,66.0,22.0,18.0,38.0,17.0,95.0,Game Finished,UTC,0,19,7,0.368,12,0.632,1407,1490,,,0,20,17,0.85,3,0.15,1734,1530,,
400201,2025-01-18T12:00:00+00:00,12:00,Superettan,2024-2025,Sweden,Malbas,Wetterbygden Stars,https://media.api-sports.io/basketball/teams/1719.png,https://media.api-sports.io/basketball/teams/1207.png,18.0,20.0,26.0,22.0,86.0,20.0,21.0,24.0,12.0,77.0,Game Finished,UTC,0,18,10,0.556,8,0.444,1533,1368,,,0,21,16,0.762,5,0.238,1764,1699,,
400225,2025-01-18T15:00:00+00:00,15:00,Superettan,2024-2025,Sweden,KFUM Fryshuset,Aros Basket,https://media.api-sports.io/basketball/teams/1224.png,https://media.api-sports.io/basketball/teams/6473.png,27.0,22.0,21.0,22.0,92.0,18.0,28.0,11.0,20.0,77.0,Game Finished,UTC,0,19,14,0.737,5,0.263,1592,1440,,,0,18,9,0.5,9,0.5,1433,1432,,
400227,2025-01-18T15:00:00+00:00,15:00,Superettan,2024-2025,Sweden,Akersberga,Ockelbo,https://media.api-sports.io/basketball/teams/6472.png,https://media.api-sports.io/basketball/teams/2313.png,21.0,21.0,22.0,22.0,86.0,22.0,22.0,16.0,29.0,89.0,Game Finished,UTC,0,20,6,0.3,14,0.7,1571,1674,,,0,19,10,0.526,9,0.474,1456,1410,,
400226,2025-01-18T17:00:00+00:00,17:00,Superettan,2024-2025,Sweden,Alvik,Huddinge,https://media.api-sports.io/basketball/teams/1219.png,https://media.api-sports.io/basketball/teams/4932.png,17.0,19.0,18.0,32.0,86.0,30.0,15.0,12.0,24.0,81.0,Game Finished,UTC,0,20,11,0.55,9,0.45,1681,1610,,,0,19,8,0.421,11,0.579,1485,1576,,
400228,2025-01-19T13:00:00+00:00,13:00,Superettan,2024-2025,Sweden,IK Eos,Wetterbygden Stars,https://media.api-sports.io/basketball/teams/1223.png,https://media.api-sports.io/basketball/teams/1207.png,28.0,27.0,22.0,25.0,102.0,18.0,29.0,26.0,23.0,96.0,Game Finished,UTC,0,19,6,0.316,13,0.684,1592,1662,,,0,21,16,0.762,5,0.238,1764,1699,,
400229,2025-01-19T16:00:00+00:00,16:00,Superettan,2024-2025,Sweden,Sloga Uppsala,Djurgarden,https://media.api-sports.io/basketball/teams/4933.png,https://media.api-sports.io/basketball/teams/1200.png,24.0,26.0,22.0,23.0,95.0,28.0,19.0,13.0,23.0,83.0,Game Finished,UTC,0,20,17,0.85,3,0.15,1734,1530,,,0,18,8,0.444,10,0.556,1441,1431,,
400230,2025-01-19T17:00:00+00:00,17:00,Superettan,2024-2025,Sweden,AIK Basket,Tureberg,https://media.api-sports.io/basketball/teams/1218.png,https://media.api-sports.io/basketball/teams/4934.png,20.0,22.0,15.0,27.0,84.0,12.0,26.0,24.0,8.0,70.0,Game Finished,UTC,0,20,7,0.35,13,0.65,1616,1743,,,0,18,5,0.278,13,0.722,1259,1499,,
400224,2025-01-24T18:00:00+00:00,18:00,Superettan,2024-2025,Sweden,Djurgarden,AIK Basket,https://media.api-sports.io/basketball/teams/1200.png,https://media.api-sports.io/basketball/teams/1218.png,22.0,19.0,22.0,27.0,90.0,16.0,16.0,14.0,23.0,69.0,Game Finished,UTC,0,18,8,0.444,10,0.556,1441,1431,,,0,20,7,0.35,13,0.65,1616,1743,,
400232,2025-01-25T13:30:00+00:00,13:30,Superettan,2024-2025,Sweden,Blackeberg,Tureberg,https://media.api-sports.io/basketball/teams/6474.png,https://media.api-sports.io/basketball/teams/4934.png,16.0,19.0,8.0,17.0,60.0,13.0,19.0,17.0,13.0,62.0,Game Finished,UTC,0,19,7,0.368,12,0.632,1407,1490,,,0,18,5,0.278,13,0.722,1259,1499,,
400231,2025-01-25T15:00:00+00:00,15:00,Superettan,2024-2025,Sweden,Alvik,Sloga Uppsala,https://media.api-sports.io/basketball/teams/1219.png,https://media.api-sports.io/basketball/teams/4933.png,12.0,23.0,17.0,24.0,76.0,22.0,18.0,19.0,23.0,82.0,Game Finished,UTC,0,20,11,0.55,9,0.45,1681,1610,,,0,20,17,0.85,3,0.15,1734,1530,,
400235,2025-01-25T15:00:00+00:00,15:00,Superettan,2024-2025,Sweden,Huddinge,Aros Basket,https://media.api-sports.io/basketball/teams/4932.png,https://media.api-sports.io/basketball/teams/6473.png,18.0,21.0,19.0,16.0,85.0,18.0,20.0,24.0,12.0,82.0,After Over Time,UTC,0,19,8,0.421,11,0.579,1485,1576,,,0,18,9,0.5,9,0.5,1433,1432,,
400237,2025-01-25T16:00:00+00:00,16:00,Superettan,2024-2025,Sweden,Wetterbygden Stars,KFUM Fryshuset,https://media.api-sports.io/basketball/teams/1207.png,https://media.api-sports.io/basketball/teams/1224.png,18.0,25.0,31.0,27.0,101.0,13.0,22.0,14.0,30.0,79.0,Game Finished,UTC,0,21,16,0.762,5,0.238,1764,1699,,,0,19,14,0.737,5,0.263,1592,1440,,
400233,2025-01-25T16:30:00+00:00,16:30,Superettan,2024-2025,Sweden,IK Eos,Ockelbo,https://media.api-sports.io/basketball/teams/1223.png,https://media.api-sports.io/basketball/teams/2313.png,20.0,18.0,25.0,22.0,85.0,17.0,27.0,15.0,21.0,80.0,Game Finished,UTC,0,19,6,0.316,13,0.684,1592,1662,,,0,19,10,0.526,9,0.474,1456,1410,,
400236,2025-01-26T11:00:00+00:00,11:00,Superettan,2024-2025,Sweden,Malbas,Ockelbo,https://media.api-sports.io/basketball/teams/1719.png,https://media.api-sports.io/basketball/teams/2313.png,28.0,24.0,28.0,17.0,97.0,12.0,19.0,17.0,22.0,70.0,Game Finished,UTC,0,18,10,0.556,8,0.444,1533,1368,,,0,19,10,0.526,9,0.474,1456,1410,,
400234,2025-01-26T17:00:00+00:00,17:00,Superettan,2024-2025,Sweden,Akersberga,AIK Basket,https://media.api-sports.io/basketball/teams/6472.png,https://media.api-sports.io/basketball/teams/1218.png,18.0,21.0,21.0,19.0,79.0,33.0,16.0,16.0,23.0,88.0,Game Finished,UTC,0,20,6,0.3,14,0.7,1571,1674,,,0,20,7,0.35,13,0.65,1616,1743,,
400241,2025-02-01T13:00:00+00:00,13:00,Superettan,2024-2025,Sweden,Alvik,Aros Basket,https://media.api-sports.io/basketball/teams/1219.png,https://media.api-sports.io/basketball/teams/6473.png,22.0,28.0,19.0,18.0,92.0,27.0,25.0,18.0,17.0,97.0,After Over Time,UTC,0,20,11,0.55,9,0.45,1681,1610,,,0,18,9,0.5,9,0.5,1433,1432,,
400239,2025-02-01T15:00:00+00:00,15:00,Superettan,2024-2025,Sweden,Akersberga,Blackeberg,https://media.api-sports.io/basketball/teams/6472.png,https://media.api-sports.io/basketball/teams/6474.png,19.0,23.0,15.0,21.0,78.0,21.0,19.0,25.0,17.0,82.0,Game Finished,UTC,0,20,6,0.3,14,0.7,1571,1674,,,0,19,7,0.368,12,0.632,1407,1490,,
400240,2025-02-01T15:30:00+00:00,15:30,Superettan,2024-2025,Sweden,IK Eos,AIK Basket,https://media.api-sports.io/basketball/teams/1223.png,https://media.api-sports.io/basketball/teams/1218.png,26.0,23.0,20.0,25.0,94.0,18.0,27.0,25.0,19.0,89.0,Game Finished,UTC,0,19,6,0.316,13,0.684,1592,1662,,,0,20,7,0.35,13,0.65,1616,1743,,
400155,2025-02-01T16:00:00+00:00,16:00,Superettan,2024-2025,Sweden,Sloga Uppsala,Wetterbygden Stars,https://media.api-sports.io/basketball/teams/4933.png,https://media.api-sports.io/basketball/teams/1207.png,17.0,25.0,22.0,21.0,85.0,15.0,20.0,19.0,21.0,75.0,Game Finished,UTC,0,20,17,0.85,3,0.15,1734,1530,,,0,21,16,0.762,5,0.238,1764,1699,,
400238,2025-02-02T12:00:00+00:00,12:00,Superettan,2024-2025,Sweden,Malbas,AIK Basket,https://media.api-sports.io/basketball/teams/1719.png,https://media.api-sports.io/basketball/teams/1218.png,28.0,33.0,34.0,21.0,116.0,16.0,16.0,26.0,20.0,78.0,Game Finished,UTC,0,18,10,0.556,8,0.444,1533,1368,,,0,20,7,0.35,13,0.65,1616,1743,,
400243,2025-02-02T13:00:00+00:00,13:00,Superettan,2024-2025,Sweden,Ockelbo,Wetterbygden Stars,https://media.api-sports.io/basketball/teams/2313.png,https://media.api-sports.io/basketball/teams/1207.png,15.0,21.0,12.0,14.0,62.0,13.0,15.0,23.0,17.0,68.0,Game Finished,UTC,0,19,10,0.526,9,0.474,1456,1410,,,0,21,16,0.762,5,0.238,1764,1699,,
400242,2025-02-02T14:30:00+00:00,14:30,Superettan,2024-2025,Sweden,Huddinge,Djurgarden,https://media.api-sports.io/basketball/teams/4932.png,https://media.api-sports.io/basketball/teams/1200.png,22.0,16.0,13.0,23.0,74.0,17.0,25.0,20.0,14.0,76.0,Game Finished,UTC,0,19,8,0.421,11,0.579,1485,1576,,,0,18,8,0.444,10,0.556,1441,1431,,
400246,2025-02-08T13:30:00+00:00,13:30,Superettan,2024-2025,Sweden,Blackeberg,Alvik,https://media.api-sports.io/basketball/teams/6474.png,https://media.api-sports.io/basketball/teams/1219.png,16.0,28.0,16.0,18.0,78.0,27.0,19.0,19.0,9.0,74.0,Game Finished,UTC,0,19,7,0.368,12,0.632,1407,1490,,,0,20,11,0.55,9,0.45,1681,1610,,
400245,2025-02-08T15:00:00+00:00,15:00,Superettan,2024-2025,Sweden,Aros Basket,Djurgarden,https://media.api-sports.io/basketball/teams/6473.png,https://media.api-sports.io/basketball/teams/1200.png,28.0,16.0,17.0,18.0,79.0,30.0,16.0,22.0,10.0,78.0,Game Finished,UTC,0,18,9,0.5,9,0.5,1433,1432,,,0,18,8,0.444,10,0.556,1441,1431,,
400247,2025-02-08T16:00:00+00:00,16:00,Superettan,2024-2025,Sweden,Tureberg,IK Eos,https://media.api-sports.io/basketball/teams/4934.png,https://media.api-sports.io/basketball/teams/1223.png,23.0,16.0,35.0,21.0,95.0,24.0,26.0,27.0,15.0,92.0,Game Finished,UTC,0,18,5,0.278,13,0.722,1259,1499,,,0,19,6,0.316,13,0.684,1592,1662,,
400248,2025-02-08T16:00:00+00:00,16:00,Superettan,2024-2025,Sweden,Wetterbygden Stars,Sloga Uppsala,https://media.api-sports.io/basketball/teams/1207.png,https://media.api-sports.io/basketball/teams/4933.png,19.0,21.0,15.0,25.0,80.0,17.0,10.0,29.0,14.0,70.0,Game Finished,UTC,0,21,16,0.762,5,0.238,1764,1699,,,0,20,17,0.85,3,0.15,1734,1530,,
400251,2025-02-09T12:15:00+00:00,12:15,Superettan,2024-2025,Sweden,AIK Basket,IK Eos,https://media.api-sports.io/basketball/teams/1218.png,https://media.api-sports.io/basketball/teams/1223.png,19.0,26.0,28.0,22.0,95.0,25.0,18.0,21.0,22.0,86.0,Game Finished,UTC,0,20,7,0.35,13,0.65,1616,1743,,,0,19,6,0.316,13,0.684,1592,1662,,
400249,2025-02-09T14:00:00+00:00,14:00,Superettan,2024-2025,Sweden,Ockelbo,Akersberga,https://media.api-sports.io/basketball/teams/2313.png,https://media.api-sports.io/basketball/teams/6472.png,21.0,16.0,8.0,19.0,76.0,12.0,18.0,17.0,17.0,72.0,After Over Time,UTC,0,19,10,0.526,9,0.474,1456,1410,,,0,20,6,0.3,14,0.7,1571,1674,,
400250,2025-02-09T17:00:00+00:00,17:00,Superettan,2024-2025,Sweden,Huddinge,KFUM Fryshuset,https://media.api-sports.io/basketball/teams/4932.png,https://media.api-sports.io/basketball/teams/1224.png,25.0,25.0,25.0,18.0,93.0,28.0,20.0,21.0,13.0,82.0,Game Finished,UTC,0,19,8,0.421,11,0.579,1485,1576,,,0,19,14,0.737,5,0.263,1592,1440,,
400252,2025-02-12T18:00:00+00:00,18:00,Superettan,2024-2025,Sweden,Tureberg,KFUM Fryshuset,https://media.api-sports.io/basketball/teams/4934.png,https://media.api-sports.io/basketball/teams/1224.png,23.0,23.0,19.0,27.0,92.0,26.0,26.0,21.0,17.0,90.0,Game Finished,UTC,0,18,5,0.278,13,0.722,1259,1499,,,0,19,14,0.737,5,0.263,1592,1440,,
400256,2025-02-15T15:00:00+00:00,15:00,Superettan,2024-2025,Sweden,Aros Basket,Sloga Uppsala,https://media.api-sports.io/basketball/teams/6473.png,https://media.api-sports.io/basketball/teams/4933.png,19.0,22.0,28.0,14.0,83.0,25.0,16.0,17.0,22.0,80.0,Game Finished,UTC,0,18,9,0.5,9,0.5,1433,1432,,,0,20,17,0.85,3,0.15,1734,1530,,
400259,2025-02-15T15:00:00+00:00,15:00,Superettan,2024-2025,Sweden,KFUM Fryshuset,Ockelbo,https://media.api-sports.io/basketball/teams/1224.png,https://media.api-sports.io/basketball/teams/2313.png,16.0,10.0,11.0,25.0,62.0,13.0,19.0,22.0,14.0,68.0,Game Finished,UTC,0,19,14,0.737,5,0.263,1592,1440,,,0,19,10,0.526,9,0.474,1456,1410,,
400253,2025-02-15T16:00:00+00:00,16:00,Superettan,2024-2025,Sweden,AIK Basket,Alvik,https://media.api-sports.io/basketball/teams/1218.png,https://media.api-sports.io/basketball/teams/1219.png,12.0,32.0,19.0,31.0,94.0,31.0,29.0,15.0,25.0,100.0,Game Finished,UTC,0,20,7,0.35,13,0.65,1616,1743,,,0,20,11,0.55,9,0.45,1681,1610,,
400255,2025-02-15T16:00:00+00:00,16:00,Superettan,2024-2025,Sweden,Wetterbygden Stars,Akersberga,https://media.api-sports.io/basketball/teams/1207.png,https://media.api-sports.io/basketball/teams/6472.png,22.0,23.0,15.0,13.0,73.0,21.0,21.0,22.0,22.0,86.0,Game Finished,UTC,0,21,16,0.762,5,0.238,1764,1699,,,0,20,6,0.3,14,0.7,1571,1674,,
400254,2025-02-15T16:15:00+00:00,16:15,Superettan,2024-2025,Sweden,Blackeberg,Huddinge,https://media.api-sports.io/basketball/teams/6474.png,https://media.api-sports.io/basketball/teams/4932.png,18.0,12.0,30.0,13.0,73.0,25.0,28.0,8.0,14.0,75.0,Game Finished,UTC,0,19,7,0.368,12,0.632,1407,1490,,,0,19,8,0.421,11,0.579,1485,1576,,
400257,2025-02-19T18:00:00+00:00,18:00,Superettan,2024-2025,Sweden,Djurgarden,Tureberg,https://media.api-sports.io/basketball/teams/1200.png,https://media.api-sports.io/basketball/teams/4934.png,,,,,,,,,,,Not Started,UTC,0,18,8,0.444,10,0.556,1441,1431,,,0,18,5,0.278,13,0.722,1259,1499,,
400258,2025-02-19T18:00:00+00:00,18:00,Superettan,2024-2025,Sweden,IK Eos,Malbas,https://media.api-sports.io/basketball/teams/1223.png,https://media.api-sports.io/basketball/teams/1719.png,,,,,,,,,,,Not Started,UTC,0,19,6,0.316,13,0.684,1592,1662,,,0,18,10,0.556,8,0.444,1533,1368,,
400271,2025-02-22T15:00:00+00:00,15:00,Superettan,2024-2025,Sweden,Ockelbo,IK Eos,https://media.api-sports.io/basketball/teams/2313.png,https://media.api-sports.io/basketball/teams/1223.png,,,,,,,,,,,Not Started,UTC,0,19,10,0.526,9,0.474,1456,1410,,,0,19,6,0.316,13,0.684,1592,1662,,
400149,2025-02-25T19:00:00+00:00,19:00,Superettan,2024-2025,Sweden,AIK Basket,Sloga Uppsala,https://media.api-sports.io/basketball/teams/1218.png,https://media.api-sports.io/basketball/teams/4933.png,,,,,,,,,,,Not Started,UTC,0,20,7,0.35,13,0.65,1616,1743,,,0,20,17,0.85,3,0.15,1734,1530,,
400261,2025-03-01T13:45:00+00:00,13:45,Superettan,2024-2025,Sweden,Blackeberg,Wetterbygden Stars,https://media.api-sports.io/basketball/teams/6474.png,https://media.api-sports.io/basketball/teams/1207.png,,,,,,,,,,,Not Started,UTC,0,19,7,0.368,12,0.632,1407,1490,,,0,21,16,0.762,5,0.238,1764,1699,,
400260,2025-03-01T14:00:00+00:00,14:00,Superettan,2024-2025,Sweden,Tureberg,Aros Basket,https://media.api-sports.io/basketball/teams/4934.png,https://media.api-sports.io/basketball/teams/6473.png,,,,,,,,,,,Not Started,UTC,0,18,5,0.278,13,0.722,1259,1499,,,0,18,9,0.5,9,0.5,1433,1432,,
400266,2025-03-01T15:00:00+00:00,15:00,Superettan,2024-2025,Sweden,Ockelbo,AIK Basket,https://media.api-sports.io/basketball/teams/2313.png,https://media.api-sports.io/basketball/teams/1218.png,,,,,,,,,,,Not Started,UTC,0,19,10,0.526,9,0.474,1456,1410,,,0,20,7,0.35,13,0.65,1616,1743,,
400265,2025-03-01T15:30:00+00:00,15:30,Superettan,2024-2025,Sweden,IK Eos,Huddinge,https://media.api-sports.io/basketball/teams/1223.png,https://media.api-sports.io/basketball/teams/4932.png,,,,,,,,,,,Not Started,UTC,0,19,6,0.316,13,0.684,1592,1662,,,0,19,8,0.421,11,0.579,1485,1576,,
400263,2025-03-02T12:00:00+00:00,12:00,Superettan,2024-2025,Sweden,Malbas,Huddinge,https://media.api-sports.io/basketball/teams/1719.png,https://media.api-sports.io/basketball/teams/4932.png,,,,,,,,,,,Not Started,UTC,0,18,10,0.556,8,0.444,1533,1368,,,0,19,8,0.421,11,0.579,1485,1576,,
400264,2025-03-02T16:00:00+00:00,16:00,Superettan,2024-2025,Sweden,Djurgarden,KFUM Fryshuset,https://media.api-sports.io/basketball/teams/1200.png,https://media.api-sports.io/basketball/teams/1224.png,,,,,,,,,,,Not Started,UTC,0,18,8,0.444,10,0.556,1441,1431,,,0,19,14,0.737,5,0.263,1592,1440,,
400268,2025-03-08T14:00:00+00:00,14:00,Superettan,2024-2025,Sweden,KFUM Fryshuset,Blackeberg,https://media.api-sports.io/basketball/teams/1224.png,https://media.api-sports.io/basketball/teams/6474.png,,,,,,,,,,,Not Started,UTC,0,19,14,0.737,5,0.263,1592,1440,,,0,19,7,0.368,12,0.632,1407,1490,,
400267,2025-03-08T16:00:00+00:00,16:00,Superettan,2024-2025,Sweden,Huddinge,Malbas,https://media.api-sports.io/basketball/teams/4932.png,https://media.api-sports.io/basketball/teams/1719.png,,,,,,,,,,,Not Started,UTC,0,19,8,0.421,11,0.579,1485,1576,,,0,18,10,0.556,8,0.444,1533,1368,,
400302,2025-03-08T16:00:00+00:00,16:00,Superettan,2024-2025,Sweden,Tureberg,Sloga Uppsala,https://media.api-sports.io/basketball/teams/4934.png,https://media.api-sports.io/basketball/teams/4933.png,,,,,,,,,,,Not Started,UTC,0,18,5,0.278,13,0.722,1259,1499,,,0,20,17,0.85,3,0.15,1734,1530,,
400270,2025-03-09T13:00:00+00:00,13:00,Superettan,2024-2025,Sweden,Alvik,Malbas,https://media.api-sports.io/basketball/teams/1219.png,https://media.api-sports.io/basketball/teams/1719.png,,,,,,,,,,,Not Started,UTC,0,20,11,0.55,9,0.45,1681,1610,,,0,18,10,0.556,8,0.444,1533,1368,,
400272,2025-03-09T15:00:00+00:00,15:00,Superettan,2024-2025,Sweden,Akersberga,Aros Basket,https://media.api-sports.io/basketball/teams/6472.png,https://media.api-sports.io/basketball/teams/6473.png,,,,,,,,,,,Not Started,UTC,0,20,6,0.3,14,0.7,1571,1674,,,0,18,9,0.5,9,0.5,1433,1432,,
400273,2025-03-09T17:00:00+00:00,17:00,Superettan,2024-2025,Sweden,AIK Basket,Djurgarden,https://media.api-sports.io/basketball/teams/1218.png,https://media.api-sports.io/basketball/teams/1200.png,,,,,,,,,,,Not Started,UTC,0,20,7,0.35,13,0.65,1616,1743,,,0,18,8,0.444,10,0.556,1441,1431,,
400274,2025-03-13T18:00:00+00:00,18:00,Superettan,2024-2025,Sweden,KFUM Fryshuset,Alvik,https://media.api-sports.io/basketball/teams/1224.png,https://media.api-sports.io/basketball/teams/1219.png,,,,,,,,,,,Not Started,UTC,0,19,14,0.737,5,0.263,1592,1440,,,0,20,11,0.55,9,0.45,1681,1610,,
400276,2025-03-15T15:00:00+00:00,15:00,Superettan,2024-2025,Sweden,Aros Basket,Blackeberg,https://media.api-sports.io/basketball/teams/6473.png,https://media.api-sports.io/basketball/teams/6474.png,,,,,,,,,,,Not Started,UTC,0,18,9,0.5,9,0.5,1433,1432,,,0,19,7,0.368,12,0.632,1407,1490,,
400269,2025-03-15T16:00:00+00:00,16:00,Superettan,2024-2025,Sweden,Wetterbygden Stars,Tureberg,https://media.api-sports.io/basketball/teams/1207.png,https://media.api-sports.io/basketball/teams/4934.png,,,,,,,,,,,Not Started,UTC,0,21,16,0.762,5,0.238,1764,1699,,,0,18,5,0.278,13,0.722,1259,1499,,
400275,2025-03-15T16:00:00+00:00,16:00,Superettan,2024-2025,Sweden,Sloga Uppsala,Akersberga,https://media.api-sports.io/basketball/teams/4933.png,https://media.api-sports.io/basketball/teams/6472.png,,,,,,,,,,,Not Started,UTC,0,20,17,0.85,3,0.15,1734,1530,,,0,20,6,0.3,14,0.7,1571,1674,,
400277,2025-03-16T14:30:00+00:00,14:30,Superettan,2024-2025,Sweden,Huddinge,Ockelbo,https://media.api-sports.io/basketball/teams/4932.png,https://media.api-sports.io/basketball/teams/2313.png,,,,,,,,,,,Not Started,UTC,0,19,8,0.421,11,0.579,1485,1576,,,0,19,10,0.526,9,0.474,1456,1410,,
400281,2025-03-22T13:45:00+00:00,13:45,Superettan,2024-2025,Sweden,Blackeberg,Ockelbo,https://media.api-sports.io/basketball/teams/6474.png,https://media.api-sports.io/basketball/teams/2313.png,,,,,,,,,,,Not Started,UTC,0,19,7,0.368,12,0.632,1407,1490,,,0,19,10,0.526,9,0.474,1456,1410,,
400171,2025-03-22T15:00:00+00:00,15:00,Superettan,2024-2025,Sweden,Akersberga,Djurgarden,https://media.api-sports.io/basketball/teams/6472.png,https://media.api-sports.io/basketball/teams/1200.png,,,,,,,,,,,Not Started,UTC,0,20,6,0.3,14,0.7,1571,1674,,,0,18,8,0.444,10,0.556,1441,1431,,
400280,2025-03-22T15:00:00+00:00,15:00,Superettan,2024-2025,Sweden,Aros Basket,Huddinge,https://media.api-sports.io/basketball/teams/6473.png,https://media.api-sports.io/basketball/teams/4932.png,,,,,,,,,,,Not Started,UTC,0,18,9,0.5,9,0.5,1433,1432,,,0,19,8,0.421,11,0.579,1485,1576,,
400283,2025-03-22T16:00:00+00:00,16:00,Superettan,2024-2025,Sweden,Tureberg,Malbas,https://media.api-sports.io/basketball/teams/4934.png,https://media.api-sports.io/basketball/teams/1719.png,,,,,,,,,,,Not Started,UTC,0,18,5,0.278,13,0.722,1259,1499,,,0,18,10,0.556,8,0.444,1533,1368,,
400285,2025-03-22T17:00:00+00:00,17:00,Superettan,2024-2025,Sweden,Alvik,Wetterbygden Stars,https://media.api-sports.io/basketball/teams/1219.png,https://media.api-sports.io/basketball/teams/1207.png,,,,,,,,,,,Not Started,UTC,0,20,11,0.55,9,0.45,1681,1610,,,0,21,16,0.762,5,0.238,1764,1699,,
400279,2025-03-23T12:00:00+00:00,12:00,Superettan,2024-2025,Sweden,AIK Basket,Malbas,https://media.api-sports.io/basketball/teams/1218.png,https://media.api-sports.io/basketball/teams/1719.png,,,,,,,,,,,Not Started,UTC,0,20,7,0.35,13,0.65,1616,1743,,,0,18,10,0.556,8,0.444,1533,1368,,
400284,2025-03-23T13:00:00+00:00,13:00,Superettan,2024-2025,Sweden,Sloga Uppsala,KFUM Fryshuset,https://media.api-sports.io/basketball/teams/4933.png,https://media.api-sports.io/basketball/teams/1224.png,,,,,,,,,,,Not Started,UTC,0,20,17,0.85,3,0.15,1734,1530,,,0,19,14,0.737,5,0.263,1592,1440,,
400291,2025-03-28T18:00:00+00:00,18:00,Superettan,2024-2025,Sweden,KFUM Fryshuset,Akersberga,https://media.api-sports.io/basketball/teams/1224.png,https://media.api-sports.io/basketball/teams/6472.png,,,,,,,,,,,Not Started,UTC,0,19,14,0.737,5,0.263,1592,1440,,,0,20,6,0.3,14,0.7,1571,1674,,
400286,2025-03-29T13:45:00+00:00,13:45,Superettan,2024-2025,Sweden,Blackeberg,IK Eos,https://media.api-sports.io/basketball/teams/6474.png,https://media.api-sports.io/basketball/teams/1223.png,,,,,,,,,,,Not Started,UTC,0,19,7,0.368,12,0.632,1407,1490,,,0,19,6,0.316,13,0.684,1592,1662,,
400306,2025-03-29T15:00:00+00:00,15:00,Superettan,2024-2025,Sweden,Ockelbo,Aros Basket,https://media.api-sports.io/basketball/teams/2313.png,https://media.api-sports.io/basketball/teams/6473.png,,,,,,,,,,,Not Started,UTC,0,19,10,0.526,9,0.474,1456,1410,,,0,18,9,0.5,9,0.5,1433,1432,,
400287,2025-03-29T17:00:00+00:00,17:00,Superettan,2024-2025,Sweden,Wetterbygden Stars,Djurgarden,https://media.api-sports.io/basketball/teams/1207.png,https://media.api-sports.io/basketball/teams/1200.png,,,,,,,,,,,Not Started,UTC,0,21,16,0.762,5,0.238,1764,1699,,,0,18,8,0.444,10,0.556,1441,1431,,
400289,2025-03-30T14:00:00+00:00,14:00,Superettan,2024-2025,Sweden,Alvik,IK Eos,https://media.api-sports.io/basketball/teams/1219.png,https://media.api-sports.io/basketball/teams/1223.png,,,,,,,,,,,Not Started,UTC,0,20,11,0.55,9,0.45,1681,1610,,,0,19,6,0.316,13,0.684,1592,1662,,
400290,2025-03-30T14:00:00+00:00,14:00,Superettan,2024-2025,Sweden,Huddinge,Tureberg,https://media.api-sports.io/basketball/teams/4932.png,https://media.api-sports.io/basketball/teams/4934.png,,,,,,,,,,,Not Started,UTC,0,19,8,0.421,11,0.579,1485,1576,,,0,18,5,0.278,13,0.722,1259,1499,,
400292,2025-03-30T14:00:00+00:00,14:00,Superettan,2024-2025,Sweden,Sloga Uppsala,AIK Basket,https://media.api-sports.io/basketball/teams/4933.png,https://media.api-sports.io/basketball/teams/1218.png,,,,,,,,,,,Not Started,UTC,0,20,17,0.85,3,0.15,1734,1530,,,0,20,7,0.35,13,0.65,1616,1743,,
400203,2025-04-03T17:00:00+00:00,17:00,Superettan,2024-2025,Sweden,KFUM Fryshuset,AIK Basket,https://media.api-sports.io/basketball/teams/1224.png,https://media.api-sports.io/basketball/teams/1218.png,,,,,,,,,,,Not Started,UTC,0,19,14,0.737,5,0.263,1592,1440,,,0,20,7,0.35,13,0.65,1616,1743,,
400299,2025-04-05T12:00:00+00:00,12:00,Superettan,2024-2025,Sweden,Alvik,Tureberg,https://media.api-sports.io/basketball/teams/1219.png,https://media.api-sports.io/basketball/teams/4934.png,,,,,,,,,,,Not Started,UTC,0,20,11,0.55,9,0.45,1681,1610,,,0,18,5,0.278,13,0.722,1259,1499,,
400293,2025-04-05T14:00:00+00:00,14:00,Superettan,2024-2025,Sweden,Akersberga,Huddinge,https://media.api-sports.io/basketball/teams/6472.png,https://media.api-sports.io/basketball/teams/4932.png,,,,,,,,,,,Not Started,UTC,0,20,6,0.3,14,0.7,1571,1674,,,0,19,8,0.421,11,0.579,1485,1576,,
400298,2025-04-05T14:30:00+00:00,14:30,Superettan,2024-2025,Sweden,IK Eos,Aros Basket,https://media.api-sports.io/basketball/teams/1223.png,https://media.api-sports.io/basketball/teams/6473.png,,,,,,,,,,,Not Started,UTC,0,19,6,0.316,13,0.684,1592,1662,,,0,18,9,0.5,9,0.5,1433,1432,,
400295,2025-04-06T13:00:00+00:00,13:00,Superettan,2024-2025,Sweden,Malbas,Aros Basket,https://media.api-sports.io/basketball/teams/1719.png,https://media.api-sports.io/basketball/teams/6473.png,,,,,,,,,,,Not Started,UTC,0,18,10,0.556,8,0.444,1533,1368,,,0,18,9,0.5,9,0.5,1433,1432,,
400294,2025-04-06T14:00:00+00:00,14:00,Superettan,2024-2025,Sweden,Djurgarden,Blackeberg,https://media.api-sports.io/basketball/teams/1200.png,https://media.api-sports.io/basketball/teams/6474.png,,,,,,,,,,,Not Started,UTC,0,18,8,0.444,10,0.556,1441,1431,,,0,19,7,0.368,12,0.632,1407,1490,,
400296,2025-04-06T14:00:00+00:00,14:00,Superettan,2024-2025,Sweden,Ockelbo,Sloga Uppsala,https://media.api-sports.io/basketball/teams/2313.png,https://media.api-sports.io/basketball/teams/4933.png,,,,,,,,,,,Not Started,UTC,0,19,10,0.526,9,0.474,1456,1410,,,0,20,17,0.85,3,0.15,1734,1530,,
400278,2025-04-12T13:00:00+00:00,13:00,Superettan,2024-2025,Sweden,Tureberg,Wetterbygden Stars,https://media.api-sports.io/basketball/teams/4934.png,https://media.api-sports.io/basketball/teams/1207.png,,,,,,,,,,,Not Started,UTC,0,18,5,0.278,13,0.722,1259,1499,,,0,21,16,0.762,5,0.238,1764,1699,,
400262,2025-04-12T14:00:00+00:00,14:00,Superettan,2024-2025,Sweden,Alvik,Akersberga,https://media.api-sports.io/basketball/teams/1219.png,https://media.api-sports.io/basketball/teams/6472.png,,,,,,,,,,,Not Started,UTC,0,20,11,0.55,9,0.45,1681,1610,,,0,20,6,0.3,14,0.7,1571,1674,,
400305,2025-04-12T14:30:00+00:00,14:30,Superettan,2024-2025,Sweden,IK Eos,Djurgarden,https://media.api-sports.io/basketball/teams/1223.png,https://media.api-sports.io/basketball/teams/1200.png,,,,,,,,,,,Not Started,UTC,0,19,6,0.316,13,0.684,1592,1662,,,0,18,8,0.444,10,0.556,1441,1431,,
400300,2025-04-12T15:15:00+00:00,15:15,Superettan,2024-2025,Sweden,Blackeberg,KFUM Fryshuset,https://media.api-sports.io/basketball/teams/6474.png,https://media.api-sports.io/basketball/teams/1224.png,,,,,,,,,,,Not Started,UTC,0,19,7,0.368,12,0.632,1407,1490,,,0,19,14,0.737,5,0.263,1592,1440,,
400288,2025-04-12T17:00:00+00:00,17:00,Superettan,2024-2025,Sweden,Aros Basket,Ockelbo,https://media.api-sports.io/basketball/teams/6473.png,https://media.api-sports.io/basketball/teams/2313.png,,,,,,,,,,,Not Started,UTC,0,18,9,0.5,9,0.5,1433,1432,,,0,19,10,0.526,9,0.474,1456,1410,,
400301,2025-04-13T11:00:00+00:00,11:00,Superettan,2024-2025,Sweden,Malbas,Djurgarden,https://media.api-sports.io/basketball/teams/1719.png,https://media.api-sports.io/basketball/teams/1200.png,,,,,,,,,,,Not Started,UTC,0,18,10,0.556,8,0.444,1533,1368,,,0,18,8,0.444,10,0.556,1441,1431,,
